{
  "urls": [
    "PrimarySounds.ac3",
    "PrimarySounds.mp3",
    "PrimarySounds.m4a",
    "PrimarySounds.ogg"
  ],
  "sprite": {
    "background": [
      0,
      61153,true
    ],
    "backgroundFS": [
      63000,
      53760,true
    ],
    "backgroundLock": [
      118000,
      50129,true
    ],
    "btnClick": [
      170000,
      679
    ],
    "errorPopup": [
      172000,
      2377
    ],
    "hidePopup": [
      176000,
      1881
    ],
    "reelSpinning": [
      179000,
      3396
    ],
    "reelspinstart": [
      184000,
      496
    ],
    "reelspinstop": [
      186000,
      522
    ],
    "showPopup": [
      188000,
      2508
    ],
    "spinStartBtn": [
      192000,
      287
    ],
    "spinStopBtn": [
      194000,
      313
    ]
  }
}