{
  "urls": [
    "SecondarySounds.ac3",
    "SecondarySounds.mp3",
    "SecondarySounds.m4a",
    "SecondarySounds.ogg"
  ],
  "sprite": {
    "transition": [
      0,
      4833
    ],
    "bigWin": [
      6000,
      3553
    ],
    "counterEnd": [
      11000,
      2142
    ],
    "counterLoop": [
      15000,
      6922,true
    ],
    "megaWin": [
      23000,
      3265
    ],
    "superMegaWin": [
      28000,
      4362
    ],
    "superMegaWinDissapear": [
      34000,
      3135
    ],
    "totalWin": [
      39000,
      3135
    ],
    "ultraWin": [
      44000,
      3265
    ],
    "FeatureSelection": [
      49000,
      2717
    ],
    "jackpot1Won": [
      53000,
      2952
    ],
    "multiplier": [
      57000,
      6922
    ],
    "fsAwardPopup": [
      65000,
      2664
    ],
    "showFSEndPopup": [
      69000,
      3500
    ],
    "anticipation": [
      74000,
      3396,true
    ],
    "aSym": [
      79000,
      1776
    ],
    "bSym": [
      82000,
      3004
    ],
    "cSym": [
      87000,
      2429
    ],
    "dSym": [
      91000,
      2691
    ],
    "eSym": [
      95000,
      2769
    ],
    "lowPaySym": [
      99000,
      2299
    ],
    "scatterSymbol": [
      103000,
      2847
    ],
    "specialGemWon": [
      107000,
      1881
    ],
    "wildSym": [
      110000,
      2586
    ]
  }
}